CholPal_20220214_q	CholPal_20220214_i	OTAB_078wtp_T058_q	OTAB_078wtp_T058_i
0.1144876	2.772433e-12	0.1144876	2.128907e-05
0.1211282	8.453862e-12	0.1277688	4.232736e-05
0.1277688	1.096632e-12	0.1344093	3.623054e-05
0.1344093	1.76494e-12	0.154331	3.611012e-08
0.1410499	7.023565e-13	0.1609715	4.185368e-07
0.1476904	4.762436e-13	0.167612	9.088697e-07
0.154331	5.217212e-13	0.1742525	5.48734e-07
0.1609715	4.377714e-12	0.180893	2.131039e-05
0.167612	1.424967e-12	0.1875335	2.362287e-05
0.1742525	5.206179e-13	0.2140954	1.958246e-06
0.180893	6.74209e-13	0.2605781	2.499357e-05
0.1875335	2.810177e-12	0.2672184	0.001500895
0.194174	1.887834e-12	0.3933812	0.0008512972
0.2008145	3.098493e-13	0.4133009	0.002816637
0.2074549	3.687175e-13	0.4199408	2.632344e-05
0.2140954	6.553153e-13	0.4265806	0.002328093
0.2207358	3.257509e-13	0.4332205	0.01645814
0.2273762	2.534996e-13	0.4398602	0.02033162
0.2340166	8.513573e-13	0.4531397	0.008713321
0.240657	1.239202e-13	0.4597794	0.0004864394
0.2472974	2.333553e-09	0.4664191	0.006160242
0.2539378	8.613754e-07	0.4730588	0.02427996
0.2605781	0.01302121	0.4796984	0.001707302
0.2672184	0.5404826	0.486338	0.01623094
0.2738587	2.914382	0.4929775	0.04269661
0.280499	9.083069	0.4996171	0.06142825
0.2871393	13.07153	0.5062566	0.02972895
0.2937796	14.12273	0.5128961	0.006571965
0.3004198	12.48859	0.5195355	0.03081595
0.3070601	10.65627	0.5261749	0.03235556
0.3137003	9.986211	0.5328143	0.02620411
0.3203405	9.307074	0.5394536	0.01437388
0.3269806	8.647178	0.546093	0.009711878
0.3336208	8.098757	0.5527323	0.04067285
0.3402609	7.382716	0.5593715	0.05773468
0.346901	7.458486	0.5660107	0.03405738
0.3535411	7.113024	0.5726499	0.02692593
0.3601812	7.050655	0.5792891	0.01294116
0.3668212	6.425168	0.5859282	0.01159138
0.3734613	5.774584	0.5925673	0.02731152
0.3801013	4.643099	0.5992063	0.09212133
0.3867413	5.098813	0.6058453	0.00938313
0.3933812	5.21854	0.6124843	0.04783574
0.4000211	4.889907	0.6191232	0.01122829
0.4066611	4.356606	0.6257621	0.01890255
0.4133009	4.277411	0.632401	0.04692532
0.4199408	3.920714	0.6390398	0.05390581
0.4265806	3.883555	0.6456786	0.01467055
0.4332205	3.475238	0.6523173	0.05825354
0.4398602	3.521577	0.6589561	0.02010951
0.4465	3.539291	0.6655947	0.01912553
0.4531397	3.457937	0.6722334	0.1077355
0.4597794	2.803431	0.6788719	0.02986174
0.4664191	2.75126	0.6855105	0.03263246
0.4730588	2.740871	0.692149	0.02817152
0.4796984	2.744219	0.6987875	0.05348732
0.486338	2.593161	0.7054259	0.03507203
0.4929775	2.567303	0.7120643	0.0199538
0.4996171	2.551387	0.7187026	0.03844122
0.5062566	2.355777	0.7253409	0.01689041
0.5128961	2.323366	0.7319792	0.06634415
0.5195355	2.364466	0.7386174	0.0273319
0.5261749	2.338827	0.7452555	0.05433011
0.5328143	2.190753	0.7518937	0.04381751
0.5394536	2.168022	0.7585317	0.03757708
0.546093	2.045715	0.7651698	0.1060147
0.5527323	1.903028	0.7718078	0.0726159
0.5593715	1.908684	0.7784457	0.02558495
0.5660107	1.81299	0.7850836	0.0252968
0.5726499	1.730207	0.7917214	0.05334719
0.5792891	1.837067	0.7983592	0.03835579
0.5859282	1.708263	0.804997	0.043563
0.5925673	1.817358	0.8116347	0.01410366
0.5992063	1.612535	0.8182724	0.02741159
0.6058453	1.34089	0.82491	0.06402613
0.6124843	1.371328	0.8315475	0.06209768
0.6191232	1.391332	0.838185	0.02486858
0.6257621	1.350757	0.8448225	0.03917765
0.632401	1.407157	0.8514599	0.03957032
0.6390398	1.443525	0.8580972	0.02267952
0.6456786	1.289814	0.8647345	0.01075152
0.6523173	1.29964	0.8713718	0.06687562
0.6589561	1.350486	0.878009	0.04417767
0.6655947	1.303588	0.8846462	0.06045539
0.6722334	1.223198	0.8912832	0.02516286
0.6788719	1.151041	0.8979203	0.05748003
0.6855105	1.107061	0.9045573	0.02543405
0.692149	1.121551	0.9111942	0.02105598
0.6987875	1.200193	0.9178311	0.01750603
0.7054259	1.10194	0.9244679	0.03464372
0.7120643	1.136234	0.9311047	0.05383676
0.7187026	1.00798	0.9377414	0.02807375
0.7253409	0.985504	0.9443781	0.0335147
0.7319792	1.016861	0.9510147	0.03361958
0.7386174	0.9483121	0.9576512	0.07564774
0.7452555	0.9611583	0.9642877	0.02249243
0.7518937	0.8388582	0.9709241	0.03569012
0.7585317	0.8245516	0.9775605	0.01954241
0.7651698	0.8190652	0.9841968	0.0336072
0.7718078	0.8771985	0.9908331	0.03984135
0.7784457	0.8196308	0.9974693	0.01135321
0.7850836	0.7612471	1.004105	0.03763156
0.7917214	0.727503	1.010741	0.07206873
0.7983592	0.7105828	1.017378	0.03896981
0.804997	0.6952322	1.024013	0.05941242
0.8116347	0.7072872	1.030649	0.01839113
0.8182724	0.7487158	1.037285	0.04096621
0.82491	0.7020793	1.043921	0.02357459
0.8315475	0.6806552	1.050557	0.03661139
0.838185	0.5876297	1.057192	0.04476635
0.8448225	0.5185194	1.063828	0.03095649
0.8514599	0.446686	1.070463	0.01810611
0.8580972	0.4930109	1.077099	0.06341085
0.8647345	0.6200402	1.083734	0.04350171
0.8713718	0.5676608	1.09037	0.03258957
0.878009	0.5410762	1.097005	0.08541293
0.8846462	0.5112946	1.10364	0.03097632
0.8912832	0.5216367	1.110275	0.1061673
0.8979203	0.5322583	1.11691	0.03292134
0.9045573	0.53787	1.123545	0.06124724
0.9111942	0.5037389	1.13018	0.02791938
0.9178311	0.4715583	1.136815	0.02400269
0.9244679	0.492762	1.14345	0.05245748
0.9311047	0.481323	1.150085	0.05574171
0.9377414	0.4978736	1.156719	0.06845782
0.9443781	0.5087735	1.163354	0.06226984
0.9510147	0.5216369	1.169988	0.02067051
0.9576512	0.5563164	1.176623	0.01404749
0.9642877	0.6098474	1.183257	0.07454693
0.9709241	0.5663327	1.189891	0.04249379
0.9775605	0.6031683	1.196526	0.03833162
0.9841968	0.5829989	1.20316	0.04755467
0.9908331	0.5664509	1.209794	0.0587264
0.9974693	0.5885436	1.216428	0.04272104
1.004105	0.6216875	1.223062	0.05587224
1.010741	0.5351924	1.229696	0.1020307
1.017378	0.5522862	1.23633	0.02782717
1.024013	0.5795238	1.242963	0.06018955
1.030649	0.6118344	1.249597	0.0537791
1.037285	0.5754451	1.256231	0.04750488
1.043921	0.6058612	1.262864	0.03259932
1.050557	0.5909367	1.269498	0.05152579
1.057192	0.5797146	1.276131	0.0542764
1.063828	0.6055525	1.282764	0.04163821
1.070463	0.6096955	1.289397	0.0509544
1.077099	0.6616984	1.296031	0.03923267
1.083734	0.7253802	1.302664	0.1412418
1.09037	0.7295185	1.309297	0.0765877
1.097005	0.7535467	1.315929	0.05075655
1.10364	0.7887889	1.322562	0.03804638
1.110275	0.8201507	1.329195	0.04890077
1.11691	0.7625314	1.335828	0.05986359
1.123545	0.6988471	1.34246	0.07618405
1.13018	0.6904334	1.349093	0.01826714
1.136815	1.049528	1.355725	0.06866958
1.14345	1.48351	1.362357	0.03527411
1.150085	2.155426	1.36899	0.03608608
1.156719	3.478844	1.375622	0.06415153
1.163354	3.793268	1.382254	0.03401739
1.169988	4.990954	1.388886	0.05948711
1.176623	3.158147	1.395518	0.05700695
1.183257	2.022896	1.40215	0.03463914
1.189891	0.8943094	1.408782	0.0274117
1.196526	0.4613703	1.415413	0.048603
1.20316	0.3614641	1.422045	0.01701657
1.209794	0.3859961	1.428676	0.07729761
1.216428	0.3774533	1.435308	0.07104079
1.223062	0.3778455	1.441939	0.05961105
1.229696	0.3465725	1.44857	0.03770429
1.23633	0.3557476	1.455201	0.117197
1.242963	0.3625252	1.461833	0.03173958
1.249597	0.3224969	1.468464	0.07628946
1.256231	0.2890638	1.475094	0.02594894
1.262864	0.3145774	1.481725	0.0604066
1.269498	0.3127518	1.488356	0.05648858
1.276131	0.326656	1.494987	0.1039142
1.282764	0.3368618	1.501617	0.05411282
1.289397	0.3021898	1.508248	0.1147155
1.296031	0.3277261	1.514878	0.09372591
1.302664	0.2954208	1.521508	0.04120682
1.309297	0.3416937	1.528138	0.03859173
1.315929	0.322727	1.534769	0.06393866
1.322562	0.3166238	1.541399	0.125447
1.329195	0.3084058	1.548028	0.09504831
1.335828	0.3027695	1.554658	0.1342672
1.34246	0.2986593	1.561288	0.06086724
1.349093	0.3013325	1.567918	0.05952988
1.355725	0.3061016	1.574547	0.07444553
1.362357	0.2915619	1.581177	0.05563114
1.36899	0.2740117	1.587806	0.1315378
1.375622	0.2679569	1.594435	0.1279462
1.382254	0.2896494	1.601064	0.07300014
1.388886	0.2536926	1.607693	0.07537773
1.395518	0.2840855	1.614322	0.0332493
1.40215	0.2933768	1.620951	0.08683655
1.408782	0.2992134	1.62758	0.07646979
1.415413	0.2640867	1.634209	0.120214
1.422045	0.2739693	1.640837	0.05842101
1.428676	0.2489823	1.647466	0.0697871
1.435308	0.2787163	1.654094	0.07289378
1.441939	0.3285308	1.660722	0.05511707
1.44857	0.2515575	1.667351	0.1072743
1.455201	0.2520736	1.673979	0.07111665
1.461833	0.2669626	1.680607	0.1098011
1.468464	0.275341	1.687235	0.0575395
1.475094	0.3186601	1.693862	0.04365702
1.481725	0.2503144	1.70049	0.05498758
1.488356	0.2514484	1.707118	0.06405729
1.494987	0.2886952	1.713745	0.1166922
1.501617	0.2621723	1.720373	0.08166723
1.508248	0.2172222	1.727	0.02892371
1.514878	0.2808373	1.733627	0.05534101
1.521508	0.2901998	1.740254	0.09268572
1.528138	0.2488092	1.746881	0.09786867
1.534769	0.2308152	1.753508	0.05244636
1.541399	0.261513	1.760135	0.154269
1.548028	0.2319949	1.766761	0.08684893
1.554658	0.2466844	1.773388	0.133778
1.561288	0.2684287	1.780014	0.06652398
1.567918	0.2464843	1.786641	0.04592774
1.574547	0.2252361	1.793267	0.1366134
1.581177	0.2284604	1.799893	0.1245524
1.587806	0.2541584	1.806519	0.1395717
1.594435	0.2462428	1.813145	0.1792695
1.601064	0.237515	1.819771	0.07455498
1.607693	0.2353643	1.826397	0.1144659
1.614322	0.2151422	1.833022	0.1114353
1.620951	0.2497168	1.839648	0.08133646
1.62758	0.213467	1.846273	0.1023964
1.634209	0.2266393	1.852898	0.09493178
1.640837	0.2344344	1.859523	0.09003395
1.647466	0.2096706	1.866148	0.05428929
1.654094	0.1672046	1.872773	0.1122629
1.660722	0.1890237	1.879398	0.1134596
1.667351	0.2163841	1.886023	0.1849335
1.673979	0.1775597	1.892647	0.1223339
1.680607	0.1901007	1.899272	0.1086452
1.687235	0.1851375	1.905896	0.0992754
1.693862	0.1600214	1.912521	0.1873531
1.70049	0.1735618	1.919145	0.1151512
1.707118	0.1874323	1.925769	0.1052784
1.713745	0.1840591	1.932393	0.1103944
1.720373	0.1822399	1.939016	0.1679338
1.727	0.1971026	1.94564	0.1743851
1.733627	0.1941602	1.952264	0.3071744
1.740254	0.1835346	1.958887	0.1271861
1.746881	0.1670143	1.96551	0.2171942
1.753508	0.152405	1.972134	0.1224886
1.760135	0.141024	1.978757	0.1553607
1.766761	0.1352138	1.98538	0.1263005
1.773388	0.1328644	1.992003	0.07342379
1.780014	0.1228893	1.998625	0.1696831
1.786641	0.1133058	2.005248	0.2139009
1.793267	0.1299398	2.01187	0.1379212
1.799893	0.1431045	2.018493	0.2057889
1.806519	0.1283922	2.025115	0.1002145
1.813145	0.1454531	2.031737	0.1627279
1.819771	0.1284021	2.038359	0.1797755
1.826397	0.1379837	2.044981	0.1106458
1.833022	0.1538729	2.051603	0.1575814
1.839648	0.1767779	2.058225	0.2796976
1.846273	0.2072212	2.064846	0.159413
1.852898	0.2098503	2.071468	0.2294601
1.859523	0.2370261	2.078089	0.234028
1.866148	0.2471321	2.08471	0.3137395
1.872773	0.2401897	2.091331	0.1882569
1.879398	0.242772	2.097952	0.2742166
1.886023	0.2434627	2.104573	0.1962501
1.892647	0.2409525	2.111193	0.1098331
1.899272	0.2523087	2.117814	0.2443726
1.905896	0.26533	2.124434	0.1688907
1.912521	0.2560692	2.131055	0.2306396
1.919145	0.255492	2.137675	0.2632381
1.925769	0.2654015	2.144295	0.2313427
1.932393	0.2985788	2.150915	0.2637486
1.939016	0.3479142	2.157535	0.2648449
1.94564	0.4003063	2.164154	0.2651672
1.952264	0.4295471	2.170774	0.2458059
1.958887	0.4511168	2.177393	0.2379316
1.96551	0.4034469	2.184012	0.2296944
1.972134	0.399181	2.190632	0.2383765
1.978757	0.3922137	2.197251	0.3432805
1.98538	0.3700039	2.203869	0.1852449
1.992003	0.3022539	2.210488	0.2345219
1.998625	0.3501306	2.217107	0.2512294
2.005248	0.4188381	2.223725	0.3101452
2.01187	0.3669733	2.230344	0.3055892
2.018493	0.3189552	2.236962	0.3783067
2.025115	0.3309648	2.24358	0.3210092
2.031737	0.3409062	2.250198	0.2690247
2.038359	0.3952342	2.256816	0.3583871
2.044981	0.373791	2.263433	0.3256533
2.051603	0.3397536	2.270051	0.304593
2.058225	0.3951328	2.276668	0.3551443
2.064846	0.4262484	2.283286	0.2934571
2.071468	0.5046308	2.289903	0.344876
2.078089	0.5069034	2.29652	0.3672784
2.08471	0.5683138	2.303137	0.3892489
2.091331	0.5732922	2.309753	0.3542712
2.097952	0.6036003	2.31637	0.2963276
2.104573	0.6655502	2.322986	0.4615742
2.111193	0.7472976	2.329603	0.392268
2.117814	0.6699583	2.336219	0.3530737
2.124434	0.6419973	2.342835	0.3098839
2.131055	0.7480397	2.349451	0.3914883
2.137675	0.7659863	2.356067	0.3367792
2.144295	0.7794245	2.362682	0.2849575
2.150915	0.7818207	2.369298	0.3790607
2.157535	0.7809962	2.375913	0.3468408
2.164154	0.7688169	2.382528	0.3959774
2.170774	0.792821	2.389143	0.2708284
2.177393	0.8151547	2.395758	0.3621195
2.184012	0.8562647	2.402373	0.3363686
2.190632	0.9262958	2.408988	0.3728754
2.197251	0.9419839	2.415602	0.3470692
2.203869	0.9671697	2.422217	0.3445499
2.210488	1.137805	2.428831	0.3040714
2.217107	1.222829	2.435445	0.3961625
2.223725	1.202665	2.442059	0.4611632
2.230344	1.229476	2.448672	0.4884204
2.236962	1.143349	2.455286	0.4145995
2.24358	1.099669	2.4619	0.3542833
2.250198	0.9887477	2.468513	0.249128
2.256816	0.9033626	2.475126	0.2637707
2.263433	0.8126208	2.481739	0.2664035
2.270051	0.7243185	2.488352	0.2483535
2.276668	0.7700127	2.494965	0.2218807
2.283286	1.056283	2.501577	0.1673803
2.289903	1.486743	2.50819	0.1871876
2.29652	1.82818	2.514802	0.156386
2.303137	2.209521	2.521414	0.1803584
2.309753	2.780134	2.528026	0.2311629
2.31637	4.076514	2.534638	0.2948747
2.322986	5.903937	2.54125	0.6527519
2.329603	8.193928	2.547861	2.888219
2.336219	13.32005	2.554473	5.910008
2.342835	17.8426	2.561084	12.40511
2.349451	15.92823	2.567695	14.68941
2.356067	9.998606	2.574306	7.488325
2.362682	3.890948	2.580917	3.579059
2.369298	1.301837	2.587527	1.714281
2.375913	0.4029681	2.594138	1.058105
2.382528	0.2855492	2.600748	0.807676
2.389143	0.2302073	2.607358	0.7742641
2.395758	0.1469053	2.613968	0.860534
2.402373	0.1382509	2.620578	0.7024761
2.408988	0.1378489	2.627188	0.5818388
2.415602	0.1392523	2.633798	0.7019075
2.422217	0.1321286	2.640407	0.6089437
2.428831	0.1162693	2.647016	0.6066694
2.435445	0.1082619	2.653625	0.6598219
2.442059	0.1090278	2.660234	0.6997612
2.448672	0.1067308	2.666843	0.7126371
2.455286	0.1013658	2.673452	0.5431818
2.4619	0.08838149	2.68006	0.5767963
2.468513	0.07509876	2.686668	0.5052954
2.475126	0.09808123	2.693276	0.7163446
2.481739	0.1097751	2.699884	0.5979436
2.488352	0.08713026	2.706492	0.5484673
2.494965	0.08394069	2.7131	0.4788207
2.501577	0.08756591	2.719707	0.549041
2.50819	0.07856794	2.726315	0.5821139
2.514802	0.06912428	2.732922	0.5045644
2.521414	0.09731556	2.739529	0.4399788
2.528026	0.07814095	2.746136	0.569468
2.534638	0.08151274	2.752742	0.456867
2.54125	0.07129067	2.759349	0.5161292
2.547861	0.07726743	2.765955	0.4384769
2.554473	0.07172423	2.772561	0.4414031
2.561084	0.0744467	2.779167	0.4578605
2.567695	0.09628676	2.785773	0.3283031
2.574306	0.08812183	2.792379	0.2494226
2.580917	0.07012198	2.798985	0.3548074
2.587527	0.07633979	2.80559	0.4013134
2.594138	0.07034151	2.812195	0.440905
2.600748	0.07158239	2.8188	0.4171353
2.607358	0.08106498	2.825405	0.290503
2.613968	0.06856224	2.83201	0.4457614
2.620578	0.04602529	2.838614	0.44067
2.627188	0.07768371	2.845219	0.3448845
2.633798	0.07632893	2.851823	0.3708618
2.640407	0.06115633	2.858427	0.5041212
2.647016	0.0634345	2.865031	0.3738929
2.653625	0.07706957	2.871634	0.2608059
2.660234	0.07205417	2.878238	0.3262875
2.666843	0.06980461	2.884841	0.2095182
2.673452	0.06817504	2.891444	0.3294171
2.68006	0.07088319	2.898047	0.324066
2.686668	0.07057039	2.90465	0.3483741
2.693276	0.07151217	2.911253	0.3263635
2.699884	0.06647468	2.917855	0.3649295
2.706492	0.07084536	2.924458	0.2192029
2.7131	0.06858023	2.93106	0.2548538
2.719707	0.06773501	2.937662	0.2604867
2.726315	0.07358944	2.944264	0.4006945
2.732922	0.05921855	2.950865	0.2016191
2.739529	0.05595026	2.957467	0.2470903
2.746136	0.06918343	2.964068	0.1479917
2.752742	0.05269896	2.970669	0.2953019
2.759349	0.06151101	2.97727	0.2273546
2.765955	0.06582599	2.983871	0.249508
2.772561	0.06484123	2.990471	0.3234868
2.779167	0.06857104	2.997072	0.1704965
2.785773	0.07951696	3.003672	0.2989678
2.792379	0.05320601	3.010272	0.3718049
2.798985	0.05867937	3.016872	0.1599529
2.80559	0.0624542	3.023471	0.2429116
2.812195	0.06063654	3.030071	0.3228201
2.8188	0.05684877	3.03667	0.2013432
2.825405	0.06285361	3.043269	0.224815
2.83201	0.06466036	3.049868	0.149074
2.838614	0.06732474	3.056467	0.2597039
2.845219	0.06838269	3.063066	0.1695553
2.851823	0.05035434	3.069664	0.2954009
2.858427	0.05999094	3.076262	0.1669524
2.865031	0.07472175	3.08286	0.1424213
2.871634	0.05927735	3.089458	0.1517731
2.878238	0.06190763	3.096056	0.245319
2.884841	0.06656581	3.102653	0.2033878
2.891444	0.07054016	3.109251	0.2134832
2.898047	0.05954563	3.115848	0.2039816
2.90465	0.054618	3.122445	0.1967908
2.911253	0.070933	3.129041	0.2231741
2.917855	0.05795243	3.135638	0.1261453
2.924458	0.06061334	3.142234	0.2706562
2.93106	0.0654479	3.148831	0.154005
2.937662	0.05341547	3.155427	0.1686708
2.944264	0.05458148	3.162023	0.116376
2.950865	0.05150201	3.168618	0.1677722
2.957467	0.07091826	3.175214	0.2246699
2.964068	0.0496971	3.181809	0.1327417
2.970669	0.06869941	3.188404	0.1262614
2.97727	0.06956777	3.194999	0.2219734
2.983871	0.05318569	3.201594	0.14674
2.990471	0.06132986	3.208188	0.153641
2.997072	0.04619945	3.214782	0.1179035
3.003672	0.069319	3.221377	0.127015
3.010272	0.05937627	3.227971	0.2167276
3.016872	0.05314185	3.234564	0.1506371
3.023471	0.05700196	3.241158	0.1778876
3.030071	0.07175694	3.247751	0.1139755
3.03667	0.05735912	3.254344	0.1823226
3.043269	0.06142357	3.260937	0.1166405
3.049868	0.05918056	3.26753	0.134366
3.056467	0.05951632	3.274123	0.2376574
3.063066	0.06653789	3.280715	0.1585259
3.069664	0.05888825	3.287307	0.159769
3.076262	0.05378403	3.293899	0.1007577
3.08286	0.05911882	3.300491	0.1391383
3.089458	0.05249019	3.307083	0.1356666
3.096056	0.05499143	3.313674	0.1177541
3.102653	0.05562034	3.320266	0.1430135
3.109251	0.05064804	3.326857	0.2468643
3.115848	0.05478604	3.333448	0.06794752
3.122445	0.04857881	3.340038	0.08820754
3.129041	0.04527985	3.346629	0.1139149
3.135638	0.04893631	3.353219	0.141148
3.142234	0.06166815	3.359809	0.1380595
3.148831	0.07686194	3.366399	0.1179752
3.155427	0.06796139	3.372989	0.1286302
3.162023	0.07458356	3.379578	0.08049855
3.168618	0.1123381	3.386167	0.1428815
3.175214	0.1130514	3.392756	0.08497079
3.181809	0.1219492	3.399345	0.1796369
3.188404	0.08974742	3.405934	0.1373745
3.194999	0.09807013	3.412522	0.08824388
3.201594	0.09895485	3.419111	0.1033439
3.208188	0.08004935	3.425699	0.1677805
3.214782	0.08375795	3.432286	0.120474
3.221377	0.07869136	3.438874	0.1485752
3.227971	0.0873847	3.445462	0.1115532
3.234564	0.08413537	3.452049	0.1132858
3.241158	0.07989677	3.458636	0.1024287
3.247751	0.08281179	3.465223	0.1920545
3.254344	0.09115611	3.471809	0.09559344
3.260937	0.09860148	3.478396	0.1346824
3.26753	0.0920536	3.484982	0.1122702
3.274123	0.08857418	3.491568	0.05704364
3.280715	0.09153185	3.498154	0.13782
3.287307	0.09766244	3.504739	0.09997168
3.293899	0.1099771	3.511325	0.05211375
3.300491	0.1363929	3.51791	0.154135
3.307083	0.1474563	3.524495	0.08415133
3.313674	0.1447811	3.53108	0.1043952
3.320266	0.1610813	3.537664	0.08332775
3.326857	0.2045825	3.544249	0.05844024
3.333448	0.22528	3.550833	0.1697276
3.340038	0.2446165	3.557417	0.07633445
3.346629	0.2656226	3.564001	0.05572987
3.353219	0.3188341	3.570584	0.1388586
3.359809	0.3551531	3.577167	0.073962
3.366399	0.4243548	3.583751	0.05965664
3.372989	0.4050077	3.590333	0.07653524
3.379578	0.4113592	3.596916	0.09100929
3.386167	0.3791557	3.603499	0.1758701
3.392756	0.3013156	3.610081	0.1477177
3.399345	0.2340037	3.616663	0.0599423
3.405934	0.2143315	3.623245	0.06552317
3.412522	0.1660577	3.629826	0.04184738
3.419111	0.1603053	3.636408	0.1124169
3.425699	0.1594713	3.642989	0.1124675
3.432286	0.1685804	3.64957	0.06505221
3.438874	0.1797666	3.656151	0.08704779
3.445462	0.2084352	3.662731	0.08404167
3.452049	0.25822	3.669312	0.108741
3.458636	0.3198491	3.675892	0.1330494
3.465223	0.3980567	3.682472	0.1295052
3.471809	0.4850762	3.689051	0.1287494
3.478396	0.5469675	3.695631	0.08707229
3.484982	0.6108933	3.70221	0.07018617
3.491568	0.8127896	3.708789	0.1078236
3.498154	1.31083	3.715368	0.07144093
3.504739	2.314772	3.721946	0.06566462
3.511325	3.400639	3.728525	0.08969107
3.51791	4.338875	3.735103	0.06495175
3.524495	3.836837	3.741681	0.04264571
3.53108	2.58797	3.748259	0.1248408
3.537664	1.084987	3.754836	0.0577614
3.544249	0.4020773	3.761413	0.05671666
3.550833	0.1986571	3.76799	0.08662735
3.557417	0.1206316	3.774567	0.05596533
3.564001	0.08878817	3.781144	0.08266265
3.570584	0.06912446	3.78772	0.1220646
3.577167	0.05793735	3.794296	0.06989459
3.583751	0.0579749	3.800872	0.1026002
3.590333	0.05087216	3.807448	0.1455038
3.596916	0.05053673	3.814024	0.1336847
3.603499	0.05799513	3.820599	0.06871658
3.610081	0.04867943	3.827174	0.07080149
3.616663	0.04116304	3.833749	0.05389076
3.623245	0.03615182	3.840323	0.107268
3.629826	0.03924096	3.846898	0.1028058
3.636408	0.05225828	3.853472	0.12868
3.642989	0.05222465	3.860046	0.04867415
3.64957	0.04954157	3.866619	0.06638981
3.656151	0.04451184	3.873193	0.1413165
3.662731	0.0487027	3.879766	0.05780026
3.669312	0.03458073	3.886339	0.03733666
3.675892	0.03165122	3.892912	0.05440209
3.682472	0.02972504	3.899484	0.1008208
3.689051	0.05571995	3.906057	0.07129665
3.695631	0.05644657	3.912629	0.07355317
3.70221	0.03213427	3.919201	0.1697425
3.708789	0.02736394	3.925772	0.06266175
3.715368	0.03744952	3.932344	0.05283265
3.721946	0.03605844	3.938915	0.07649244
3.728525	0.02873776	3.945486	0.0994691
3.735103	0.04454044	3.952056	0.0984589
3.741681	0.03092658	3.958627	0.02979451
3.748259	0.03282738	3.965197	0.08236345
3.754836	0.04039721	3.971767	0.1051725
3.761413	0.02896496	3.978337	0.1151706
3.76799	0.03803081	3.984906	0.07063958
3.774567	0.04049198	3.991476	0.07030178
3.781144	0.0401425	3.998045	0.1024162
3.78772	0.03849453	4.004614	0.05080446
3.794296	0.04113445	4.011182	0.05595784
3.800872	0.04137887	4.01775	0.03439156
3.807448	0.04491206	4.024319	0.0491954
3.814024	0.03781476	4.030886	0.08376266
3.820599	0.03989149	4.037454	0.06055979
3.827174	0.03077637	4.044022	0.03295442
3.833749	0.02964546	4.050589	0.04965016
3.840323	0.03955421	4.057156	0.0620438
3.846898	0.04444517	4.063722	0.1426126
3.853472	0.03100863	4.070289	0.07044785
3.860046	0.03175422	4.076855	0.05520077
3.866619	0.03374631	4.083421	0.04812031
3.873193	0.03957417	4.089987	0.08604831
3.879766	0.03450725	4.096552	0.1021624
3.886339	0.02581491	4.103118	0.07826813
3.892912	0.04582618	4.109683	0.05010094
3.899484	0.03908817	4.116247	0.08578724
3.906057	0.02784922	4.122812	0.06191928
3.912629	0.03997054	4.129376	0.048334
3.919201	0.03015344	4.13594	0.0587724
3.925772	0.0348419	4.142504	0.09061273
3.932344	0.04520321	4.149068	0.1146763
3.938915	0.03618711	4.155631	0.03342894
3.945486	0.03246171	4.162194	0.06092231
3.952056	0.03837158	4.168757	0.1583794
3.958627	0.04604556	4.175319	0.120823
3.965197	0.03448483	4.181882	0.09062416
3.971767	0.03406473	4.188444	0.07657992
3.978337	0.02942258	4.195006	0.07497303
3.984906	0.02500741	4.201567	0.08497527
3.991476	0.02856443	4.208129	0.03651378
3.998045	0.0364256	4.21469	0.05564101
4.004614	0.03240547	4.221251	0.1055388
4.011182	0.04500018	4.227811	0.09154446
4.01775	0.03232525	4.234372	0.06771033
4.024319	0.02402937	4.240932	0.02884066
4.030886	0.02974913	4.247492	0.03742973
4.037454	0.03970705	4.254051	0.1086954
4.044022	0.04439783	4.260611	0.06849453
4.050589	0.0317704	4.26717	0.0760445
4.057156	0.02857366	4.273729	0.06790949
4.063722	0.04440846	4.280287	0.08793728
4.070289	0.03368228	4.286846	0.09027371
4.076855	0.0205794	4.293404	0.07993808
4.083421	0.0239325	4.299962	0.06779254
4.089987	0.02861305	4.306519	0.05437189
4.096552	0.0472937	4.313077	0.1173152
4.103118	0.0328207	4.319634	0.0904083
4.109683	0.03200602	4.326191	0.05168249
4.116247	0.03966674	4.332747	0.03614216
4.122812	0.03907556	4.339304	0.1377668
4.129376	0.03530798	4.34586	0.06422961
4.13594	0.02748666	4.352416	0.05139318
4.142504	0.04287817	4.358971	0.04969832
4.149068	0.02948479	4.365527	0.08253914
4.155631	0.02661005	4.372082	0.01849899
4.162194	0.0310646	4.378636	0.05476408
4.168757	0.03785006	4.385191	0.03785038
4.175319	0.03628731	4.391745	0.03746213
4.181882	0.02741952	4.398299	0.04663495
4.188444	0.02944817	4.404853	0.04388276
4.195006	0.03593569	4.411407	0.1414402
4.201567	0.02779973	4.41796	0.08296048
4.208129	0.03634207	4.424513	0.07661023
4.21469	0.04059894	4.431066	0.04177167
4.221251	0.02586132	4.437618	0.1021465
4.227811	0.03082087	4.444171	0.02493149
4.234372	0.03289055	4.450723	0.06477835
4.240932	0.02850868	4.457274	0.0932963
4.247492	0.04828771	4.463826	0.04485398
4.254051	0.03936304	4.470377	0.1179916
4.260611	0.03430933	4.476928	0.05216954
4.26717	0.02995155	4.483479	0.1019395
4.273729	0.03092689	4.490029	0.03862824
4.280287	0.03376254	4.496579	0.05642617
4.286846	0.036392	4.503129	0.07641051
4.293404	0.02492333	4.509679	0.05357706
4.299962	0.03353494	4.516228	0.0282801
4.306519	0.03201871	4.522777	0.03261566
4.313077	0.0403925	4.529326	0.06789247
4.319634	0.03567562	4.535875	0.06353857
4.326191	0.03142895	4.542423	0.1456945
4.332747	0.02785573	4.548971	0.03604612
4.339304	0.0204375	4.555519	0.09287622
4.34586	0.03675423	4.562066	0.09069503
4.352416	0.03866907	4.568613	0.04303243
4.358971	0.02986815	4.57516	0.02203395
4.365527	0.03986816	4.581707	0.04541416
4.372082	0.02943161	4.588254	0.07668997
4.378636	0.03635594	4.5948	0.08545133
4.385191	0.02599155	4.601346	0.02875347
4.391745	0.03104138	4.607891	0.07403548
4.398299	0.0308517	4.614437	0.02488133
4.404853	0.0304701	4.620982	0.1075004
4.411407	0.03562951	4.627527	0.05309872
4.41796	0.0334541	4.634071	0.109289
4.424513	0.03575367	4.640615	0.1009577
4.431066	0.0484899	4.647159	0.06487433
4.437618	0.04229317	4.653703	0.03395679
4.444171	0.04096038	4.660247	0.09071525
4.450723	0.03243378	4.66679	0.05819252
4.457274	0.04597959	4.673333	0.07539971
4.463826	0.03216228	4.679876	0.07201668
4.470377	0.0323502	4.686418	0.05219917
4.476928	0.04045332	4.69296	0.07241619
4.483479	0.03636877	4.699502	0.08138918
4.490029	0.0412457	4.706043	0.05805134
4.496579	0.03411017	4.712585	0.07382519
4.503129	0.05242753	4.719126	0.06557866
4.509679	0.03554322	4.725666	0.04129568
4.516228	0.04234397	4.732207	0.07015845
4.522777	0.03405745	4.738747	0.083698
4.529326	0.04009262	4.745287	0.0755741
4.535875	0.02942442	4.751827	0.05472562
4.542423	0.02539819	4.758366	0.01934903
4.548971	0.03692071	4.764905	0.05361717
4.555519	0.02857253	4.771444	0.04307549
4.562066	0.03426734	4.777982	0.07152574
4.568613	0.03119889	4.784521	0.0554402
4.57516	0.03639441	4.791059	0.05497368
4.581707	0.05290424	4.797596	0.03885181
4.588254	0.05931341	4.804134	0.0503691
4.5948	0.06326618	4.810671	0.06774797
4.601346	0.05211154	4.817208	0.08353611
4.607891	0.03778198	4.823744	0.09072942
4.614437	0.04007719	4.83028	0.05699817
4.620982	0.04143414	4.836816	0.08484789
4.627527	0.04055505	4.843352	0.06896069
4.634071	0.05230404	4.849888	0.04547958
4.640615	0.0477785	4.856423	0.06389001
4.647159	0.05560063	4.862958	0.05364549
4.653703	0.06204452	4.869492	0.05931735
4.660247	0.08644133	4.876027	0.07723667
4.66679	0.1095576	4.882561	0.06006388
4.673333	0.1432119	4.889094	0.08996844
4.679876	0.2396184	4.895628	0.03639431
4.686418	0.2735176	4.902161	0.08124353
4.69296	0.3574511	4.908694	0.02918381
4.699502	0.28424	4.915226	0.08156545
4.706043	0.1783923	4.921759	0.03342618
4.712585	0.1430463	4.928291	0.08458688
4.719126	0.06577259	4.934822	0.0771106
4.725666	0.0487063	4.941354	0.05948646
4.732207	0.03436043	4.947885	0.07334177
4.738747	0.03832223	4.954416	0.08543163
4.745287	0.03819775	4.960947	0.05165795
4.751827	0.02776548	4.967477	0.03516187
4.758366	0.03105691	4.974007	0.06278589
4.764905	0.03605395	4.980537	0.1128983
4.771444	0.03739543	4.987066	0.02270859
4.777982	0.03218288	4.993595	0.06822978
4.784521	0.02254675	5.000124	0.06677001
4.791059	0.0327815	5.006653	0.1058218
4.797596	0.03261974	5.013181	0.1101242
4.804134	0.03200451	5.019709	0.1160242
4.810671	0.02533604	5.026236	0.0412457
4.817208	0.03690581	5.032764	0.03246152
4.823744	0.03070631	5.039291	0.07952887
4.83028	0.02868275	5.045818	0.06159252
4.836816	0.02526951	5.052344	0.03591792
4.843352	0.03123092	5.05887	0.05080991
4.849888	0.03490865	5.065396	0.08219622
4.856423	0.0268814	5.071922	0.04126336
4.862958	0.03331159	5.078447	0.02788227
4.869492	0.03394076	5.084972	0.02945816
4.876027	0.0343917	5.091497	0.03208959
4.882561	0.02922806	5.098022	0.1092463
4.889094	0.03019727	5.104546	0.07029009
4.895628	0.02870511	5.11107	0.05782605
4.902161	0.02973133	5.117593	0.0868136
4.908694	0.0278106	5.124116	0.07273121
4.915226	0.0328738	5.130639	0.02997852
4.921759	0.02967293	5.137162	0.04961717
4.928291	0.02377408	5.143684	0.08760226
4.934822	0.03431362	5.150206	0.06488859
4.941354	0.0301024	5.156728	0.04855614
4.947885	0.02770655	5.16325	0.04500135
4.954416	0.03931588	5.169771	0.05763578
4.960947	0.02996727	5.176292	0.02603667
4.967477	0.02606704	5.182812	0.03922475
4.974007	0.02771061	5.189333	0.04207935
4.980537	0.03660184	5.195852	0.05856769
4.987066	0.03031544	5.202372	0.04779802
4.993595	0.02538919	5.208891	0.08215939
5.000124	0.03755608	5.215411	0.1620049
5.006653	0.03607637	5.221929	0.05639895
5.013181	0.0270405	5.228448	0.03350799
5.019709	0.02240338	5.234966	0.01490325
5.026236	0.03032458	5.241484	0.05790445
5.032764	0.02706681	5.248001	0.08556191
5.039291	0.03032791	5.254519	0.06781667
5.045818	0.03330695	5.261035	0.03042666
5.052344	0.02489716	5.267552	0.07799888
5.05887	0.03536967	5.274068	0.02927432
5.065396	0.03196369	5.280584	0.05021785
5.071922	0.03309845	5.2871	0.09969889
5.078447	0.02500832	5.293616	0.07053691
5.084972	0.02916657	5.300131	0.08057994
5.091497	0.03140881	5.306645	0.08469179
5.098022	0.04001778	5.31316	0.03851494
5.104546	0.03450542	5.319674	0.03124498
5.11107	0.02981377	5.326188	0.01519284
5.117593	0.03025842	5.332701	0.06395156
5.124116	0.02573178	5.339215	0.05850811
5.130639	0.02603303	5.345728	0.06747738
5.137162	0.02372726	5.35224	0.09889217
5.143684	0.03534128	5.358753	0.02445843
5.150206	0.03262292	5.365265	0.05043162
5.156728	0.02769768	5.371776	0.0815151
5.16325	0.03283714	5.378288	0.04502569
5.169771	0.03663558	5.384799	0.03986749
5.176292	0.02997645	5.39131	0.0413553
5.182812	0.03148115	5.39782	0.06189345
5.189333	0.03555899	5.40433	0.05796453
5.195852	0.02894326	5.41084	0.02800609
5.202372	0.0333011	5.417349	0.02439083
5.208891	0.0248936	5.423859	0.02639215
5.215411	0.03893287	5.430368	0.04244903
5.221929	0.02995576	5.436876	0.07534243
5.228448	0.03555748	5.443384	0.07910231
5.234966	0.02436686	5.449892	0.06097801
5.241484	0.04290581	5.4564	0.05468991
5.248001	0.02986156	5.462907	0.01681462
5.254519	0.03079098	5.469414	0.05117762
5.261035	0.02959815	5.475921	0.05785217
5.267552	0.03192629	5.482427	0.09648977
5.274068	0.03011191	5.488933	0.04081758
5.280584	0.02635222	5.495439	0.07934957
5.2871	0.030407	5.501944	0.08064835
5.293616	0.02902944	5.508449	0.06349435
5.300131	0.03478776	5.514954	0.07990584
5.306645	0.03096202	5.521459	0.0366424
5.31316	0.0269744	5.527963	0.1212917
5.319674	0.03910678	5.534467	0.03444783
5.326188	0.03155809	5.54097	0.02627787
5.332701	0.02628414	5.547473	0.0489222
5.339215	0.02782245	5.553976	0.07625763
5.345728	0.03184057	5.560479	0.0995397
5.35224	0.02701672	5.566981	0.04535383
5.358753	0.03339832	5.573483	0.07865681
5.365265	0.03788014	5.579984	0.03312407
5.371776	0.02901145	5.586486	0.05409735
5.378288	0.03216889	5.592986	0.03343413
5.384799	0.02896389	5.599487	0.05047488
5.39131	0.03930658	5.605987	0.04860892
5.39782	0.03331707	5.612487	0.02522363
5.40433	0.03457338	5.618987	0.04989683
5.41084	0.02907723	5.625486	0.03774826
5.417349	0.03390806	5.631985	0.05024979
5.423859	0.02682354	5.638484	0.0631962
5.430368	0.02757766	5.644982	0.07962099
5.436876	0.0384267	5.65148	0.103633
5.443384	0.0279945	5.657978	0.07952095
5.449892	0.03021938	5.664475	0.0297786
5.4564	0.03662336	5.670972	0.04894879
5.462907	0.03363948	5.677469	0.07196464
5.469414	0.026212	5.683965	0.04610717
5.475921	0.03769106	5.690461	0.08467509
5.482427	0.03930444	5.696957	0.0598397
5.488933	0.03216486	5.703452	0.02630375
5.495439	0.02984898	5.709947	0.05111335
5.501944	0.02338729	5.716442	0.0989207
5.508449	0.03514261	5.722936	0.05377341
5.514954	0.0386298	5.72943	0.05328182
5.521459	0.03734117	5.735924	0.06150512
5.527963	0.03472264	5.742418	0.03053057
5.534467	0.03499429	5.748911	0.06169318
5.54097	0.03908436	5.755403	0.02727718
5.547473	0.03016634	5.761896	0.06639846
5.553976	0.03060137	5.768388	0.05403983
5.560479	0.03527463	5.77488	0.03080602
5.566981	0.03037698	5.781371	0.08320012
5.573483	0.03611248	5.787862	0.04028697
5.579984	0.03907797	5.794353	0.05788622
5.586486	0.03056527	5.800843	0.07680227
5.592986	0.02832464	5.807333	0.03523832
5.599487	0.03690005	5.813823	0.05784644
5.605987	0.03737323	5.820312	0.03457354
5.612487	0.02693435	5.826801	0.08972196
5.618987	0.04525597	5.83329	0.05497245
5.625486	0.03232119	5.839779	0.07628543
5.631985	0.03106793	5.846267	0.08127004
5.638484	0.03547854	5.852754	0.04377491
5.644982	0.03651003	5.859242	0.04905407
5.65148	0.03248505	5.865729	0.04558875
5.657978	0.03426167	5.872215	0.01239423
5.664475	0.0280582	5.878702	0.05122355
5.670972	0.04095417	5.885188	0.04687072
5.677469	0.03009849	5.891674	0.1376125
5.683965	0.02808404	5.898159	0.025447
5.690461	0.0291038	5.904644	0.06771629
5.696957	0.03175792	5.911129	0.04159583
5.703452	0.03422918	5.917613	0.1084051
5.709947	0.02961449	5.924097	0.05097698
5.716442	0.03647669	5.930581	0.1037874
5.722936	0.03618158	5.937064	0.02034761
5.72943	0.03252237	5.943547	0.07263114
5.735924	0.03436661	5.950029	0.04148172
5.742418	0.03602369	5.956512	0.04571773
5.748911	0.02486887	5.962994	0.05644633
5.755403	0.0334478	5.969475	0.04287933
5.761896	0.03415951	5.975957	0.0473985
5.768388	0.02650211	5.982437	0.04337602
5.77488	0.03135935	5.988918	0.06797937
5.781371	0.04187915	5.995398	0.04482605
5.787862	0.0362083	6.001878	0.03619972
5.794353	0.04564556	6.008358	0.06394478
5.800843	0.04022412	6.014837	0.06409315
5.807333	0.04428887	6.021316	0.0441249
5.813823	0.04417803	6.027794	0.03930951
5.820312	0.04288861	6.034272	0.03855895
5.826801	0.04380773	6.04075	0.03601099
5.83329	0.05700457	6.047228	0.04435839
5.839779	0.06649683	6.053705	0.04712493
5.846267	0.07124395	6.060181	0.06428517
5.852754	0.09973267	6.066658	0.1012485
5.859242	0.1172907	6.073134	0.04598921
5.865729	0.1509668	6.07961	0.06617348
5.872215	0.1183775	6.086085	0.07794833
5.878702	0.08312276	6.09256	0.02702002
5.885188	0.0707182	6.099035	0.06946199
5.891674	0.07690612	6.105509	0.04787797
5.898159	0.05767398	6.111983	0.07862203
5.904644	0.03354645	6.118457	0.0632634
5.911129	0.03155033	6.12493	0.0615149
5.917613	0.03007831	6.131403	0.04769246
5.924097	0.03793496	6.137875	0.0624928
5.930581	0.03018798	6.144347	0.07796908
5.937064	0.03464992	6.150819	0.0492146
5.943547	0.02082346	6.157291	0.04748979
5.950029	0.01647612	6.163762	0.02921514
5.956512	0.02395883	6.170233	0.1107367
5.962994	0.02151823	6.176703	0.06005036
5.969475	0.01982601	6.183173	0.04325382
5.975957	0.02078807	6.189643	0.07264146
5.982437	0.02528035	6.196112	0.09076585
5.988918	0.02860414	6.202581	0.04200683
5.995398	0.03139498	6.20905	0.04620332
6.001878	0.02864709	6.215518	0.05933666
6.008358	0.02738988	6.221986	0.1152809
6.014837	0.03815967	6.228454	0.02892363
6.021316	0.05006507	6.234921	0.06596825
6.027794	0.06062017	6.241388	0.1096615
6.034272	0.07822798	6.247855	0.04580001
6.04075	0.09298442	6.254321	0.06249386
6.047228	0.1498744	6.260787	0.02537324
6.053705	0.2449097	6.267252	0.02811628
6.060181	0.3063409	6.273717	0.04293164
6.066658	0.3094183	6.280182	0.06546769
6.073134	0.3740223	6.286646	0.05838156
6.07961	0.3195156	6.29311	0.1290816
6.086085	0.2519616	6.299574	0.04716636
6.09256	0.1791185	6.306037	0.06441609
6.099035	0.1485324	6.3125	0.08892418
6.105509	0.1195869	6.318963	0.02652334
6.111983	0.07863277	6.325425	0.04260665
6.118457	0.05806864	6.331887	0.08982262
6.12493	0.04857761	6.338348	0.1218317
6.131403	0.07105323	6.344809	0.0636128
6.137875	0.044412	6.35127	0.03579315
6.144347	0.0385429	6.35773	0.05240698
6.150819	0.02859489	6.36419	0.02703408
6.157291	0.03276964	6.37065	0.0951951
6.163762	0.04814394	6.377109	0.05110689
6.170233	0.04159547	6.383568	0.04007667
6.176703	0.03186142	6.390027	0.08416441
6.183173	0.03660991	6.396485	0.01313344
6.189643	0.03602368	6.402943	0.03654452
6.196112	0.03619118	6.4094	0.06725941
6.202581	0.03445659	6.415858	0.05228091
6.20905	0.03334742	6.422314	0.03880574
6.215518	0.03091362	6.428771	0.1085527
6.221986	0.02671575	6.435227	0.09400921
6.228454	0.02848126	6.441682	0.08046217
6.234921	0.03791267	6.448138	0.07087754
6.241388	0.02672197	6.454592	0.0569443
6.247855	0.03788439	6.461047	0.05114619
6.254321	0.04069431	6.467501	0.08167658
6.260787	0.05508323	6.473955	0.04419056
6.267252	0.04589281	6.480408	0.03136862
6.273717	0.05275137	6.486861	0.1424094
6.280182	0.05594458	6.493314	0.09480368
6.286646	0.06792326	6.499766	0.03177382
6.29311	0.06377118	6.506218	0.0515584
6.299574	0.06821139	6.51267	0.07672841
6.306037	0.07617187	6.519121	0.02558494
6.3125	0.08260673	6.525572	0.08488441
6.318963	0.06677054	6.532022	0.06647646
6.325425	0.07745144	6.538472	0.06593788
6.331887	0.05408593	6.544922	0.08464379
6.338348	0.04057745	6.551371	0.06015657
6.344809	0.04575401	6.55782	0.03243923
6.35127	0.04740225	6.564269	0.04663607
6.35773	0.04434091	6.570717	0.0700846
6.36419	0.03287741	6.577165	0.1300737
6.37065	0.04213929	6.583613	0.09607679
6.377109	0.03824963	6.59006	0.04030867
6.383568	0.04233079	6.596506	0.0574355
6.390027	0.06253831	6.602953	0.02945644
6.396485	0.04061765	6.609399	0.05298351
6.402943	0.04650772	6.615844	0.0330575
6.4094	0.05195821	6.622289	0.05311608
6.415858	0.04999779	6.628734	0.08616911
6.422314	0.05102364	6.635179	0.09281026
6.428771	0.05104626	6.641623	0.1052703
6.435227	0.0468761	6.648066	0.0469431
6.441682	0.04800113	6.65451	0.128982
6.448138	0.04841526	6.660953	0.05358304
6.454592	0.04323233	6.667395	0.05842964
6.461047	0.03451966	6.673837	0.04513555
6.467501	0.03483195	6.680279	0.03655227
6.473955	0.03356947	6.686721	0.05331602
6.480408	0.04794939	6.693162	0.1239763
6.486861	0.04611687	6.699602	0.07294526
6.493314	0.04303883	6.706043	0.09300022
6.499766	0.03551788	6.712482	0.04466683
6.506218	0.03810646	6.718922	0.1183489
6.51267	0.03053247	6.725361	0.0175635
6.519121	0.04441288	6.7318	0.0421454
6.525572	0.04262059	6.738238	0.05898855
6.532022	0.02908224	6.744676	0.06800231
6.538472	0.03732806	6.751114	0.1369744
6.544922	0.04654303	6.757551	0.06195316
6.551371	0.03940294	6.763988	0.08947591
6.55782	0.03589898	6.770424	0.0408873
6.564269	0.03899113	6.77686	0.05144372
6.570717	0.03706027	6.783296	0.03356627
6.577165	0.03490004	6.789731	0.03937536
6.583613	0.03132438	6.796166	0.06256598
6.59006	0.02954761	6.802601	0.06011992
6.596506	0.03108662	6.809035	0.08510531
6.602953	0.03288597	6.815468	0.0410264
6.609399	0.0239074	6.821902	0.07658303
6.615844	0.02969302	6.828335	0.06281591
6.622289	0.04119698	6.834767	0.02893713
6.628734	0.03961907	6.8412	0.1208819
6.635179	0.04776791	6.847631	0.0631274
6.641623	0.07007803	6.854063	0.02744344
6.648066	0.08171546	6.860494	0.08581767
6.65451	0.09459311	6.866924	0.1392395
6.660953	0.1311219	6.873355	0.04008925
6.667395	0.1746813	6.879784	0.0337104
6.673837	0.2199782	6.886214	0.09647817
6.680279	0.3093276	6.892643	0.09896112
6.686721	0.3839881	6.899072	0.04688009
6.693162	0.5269157	6.9055	0.02787863
6.699602	0.5154838	6.911928	0.04542499
6.706043	0.4865745	6.918355	0.06444576
6.712482	0.475521	6.924782	0.0799935
6.718922	0.3699895	6.931209	0.07933853
6.725361	0.3164936	6.937635	0.05207857
6.7318	0.2708453	6.944061	0.05370398
6.738238	0.2552244	6.950487	0.09563029
6.744676	0.2459278	6.956912	0.06817907
6.751114	0.2152567	6.963337	0.04837134
6.757551	0.1944135	6.969761	0.03892849
6.763988	0.1717134	6.976185	0.09793856
6.770424	0.1109267	6.982609	0.04165352
6.77686	0.08386533	6.989032	0.0392994
6.783296	0.08459555	6.995455	0.1068386
6.789731	0.06254371	7.001877	0.06532471
6.796166	0.05918415	7.008299	0.03873143
6.802601	0.05295618	7.01472	0.07167465
6.809035	0.03980773	7.021142	0.09204968
6.815468	0.04331363	7.027562	0.03439148
6.821902	0.05079481	7.033983	0.06549178
6.828335	0.042995	7.040403	0.07605059
6.834767	0.03729309	7.046822	0.0331178
6.8412	0.03745972	7.053241	0.07225647
6.847631	0.04015191	7.05966	0.1281597
6.854063	0.03014323	7.066079	0.0350673
6.860494	0.03808486	7.072497	0.04795741
6.866924	0.03778601	7.078914	0.06952046
6.873355	0.03426695	7.085331	0.05473568
6.879784	0.03970181	7.091748	0.06147016
6.886214	0.02844293	7.098165	0.03589029
6.892643	0.0383762	7.104581	0.07506701
6.899072	0.04197806	7.110996	0.08405134
6.9055	0.02836884	7.117411	0.02798406
6.911928	0.03510198	7.123826	0.07234073
6.918355	0.03879318	7.13024	0.09134252
6.924782	0.04498205	7.136654	0.102958
6.931209	0.03168993	7.143068	0.06280775
6.937635	0.02708687	7.149481	0.03370512
6.944061	0.03011329	7.155894	0.08496501
6.950487	0.02926347	7.162306	0.05112065
6.956912	0.0368594	7.168718	0.05806254
6.963337	0.04076729	7.17513	0.03934216
6.969761	0.0451009	7.181541	0.03873657
6.976185	0.03463469	7.187952	0.07815203
6.982609	0.03223672	7.194362	0.1047075
6.989032	0.03897534	7.200772	0.04265349
6.995455	0.04066327	7.207181	0.1016134
7.001877	0.04411967	7.21359	0.04218304
7.008299	0.03530577	7.219999	0.119017
7.01472	0.04094107	7.226407	0.05631759
7.021142	0.04601466	7.232815	0.07786112
7.027562	0.05309163	7.239223	0.0476599
7.033983	0.05038269	7.24563	0.04404906
7.040403	0.07022177	7.252036	0.04577125
7.046822	0.07951138	7.258443	0.05062951
7.053241	0.05790023	7.264848	0.05449474
7.05966	0.05673959	7.271254	0.1146352
7.066079	0.04445477	7.277659	0.06446825
7.072497	0.03892318	7.284063	0.03291804
7.078914	0.03036712	7.290468	0.03510178
7.085331	0.04091159	7.296871	0.1265529
7.091748	0.02918098	7.303275	0.1263975
7.098165	0.03724425	7.309678	0.1224518
7.104581	0.02853091	7.31608	0.101966
7.110996	0.03567853	7.322482	0.1017972
7.117411	0.03686587	7.328884	0.0433842
7.123826	0.04007712	7.335285	4.148871e-05
7.13024	0.03721247	7.341686	0.0002245597
7.136654	0.03642558	7.360886	3.889252e-08
7.143068	0.03365999	7.373685	0.0003716007
7.149481	0.03171703		
7.155894	0.03712605		
7.162306	0.02883276		
7.168718	0.02968735		
7.17513	0.03002993		
7.181541	0.02903301		
7.187952	0.03735103		
7.194362	0.02450548		
7.200772	0.04234368		
7.207181	0.03572481		
7.21359	0.04233514		
7.219999	0.03825275		
7.226407	0.03023954		
7.232815	0.03176429		
7.239223	0.03790454		
7.24563	0.03588349		
7.252036	0.04736135		
7.258443	0.05485846		
7.264848	0.05534804		
7.271254	0.06727009		
7.277659	0.06316042		
7.284063	0.06765092		
7.290468	0.06255065		
7.296871	0.05181936		
7.303275	0.08421255		
7.309678	0.08292899		
7.31608	0.1201427		
7.322482	0.02683756		
7.328884	2.915681e-06		
7.335285	4.923844e-11		
7.348087	7.298661e-08		
7.360886	5.776745e-08		
7.367286	9.793908e-08		
